<?xml version="1.0" encoding="UTF-8"?>
<!--
- Licensed Materials - Property of IBM Corp.
- IBM UrbanCode Deploy
- (c) Copyright IBM Corporation 2011, 2015. All Rights Reserved.
-
- U.S. Government Users Restricted Rights - Use, duplication or disclosure restricted by
- GSA ADP Schedule Contract with IBM Corp.
-->
<template>
    <name>ApplicationDeploymentSuccess</name>
    <body>
      <![CDATA[
## BEGIN SECTION Subject
A process on $application.getName() completed successfully
## END SECTION Subject
## BEGIN SECTION Body
## PROPERTY Content-Type: text/html

<!DOCTYPE html PUBLIC "-//W3C//DTD HTML 4.01 Transitional//EN">

<html>

<head>
<title></title>
<STYLE TYPE="text/css">
table.data-table td {
    vertical-align: top;
}

table.data-table
{
    font-family: arial, helvetica, sans-serif;
    font-size: 12px;
    background-color: #567596;
}

table.data-table caption
{
    padding-top: 10px;
    padding-bottom: 10px;
    text-align: left;
}

table.data-table th
{
    background-color: #cfdbef;
    height: 25px;
}

table.data-table td
{
    vertical-align: top;
}

table.data-table tr.odd
{
    background-color: #ffffff;
}

table.data-table tr.even
{
    background-color: #f6f6f6;
}

.data-table-button-bar
{
    padding-top: 10px;
    padding-bottom: 10px;
}

.data-table-container
{
    padding-top: 10px;
    padding-bottom: 10px;
}
</STYLE>
</head>
<body>

  <h2>A process on $application.getName() completed successfully</h2>
<table>
  <tr><td>Application:</td>
      <td>$application.getName()</td>
  </tr>
  <tr><td>Process:</td>
      <td>$applicationProcess.getName()</td>
  </tr>
  #if ($snapshot)
    <tr><td>Snapshot:</td>
        <td>$snapshot.getName()</td>
   </tr>
  #end
  <tr><td>Environment:</td>
      <td>$environment.getName()</td>
  </tr>
  <tr><td>Requested by:</td>
      <td>$user.getName()</td>
  </tr>
  <tr><td>Requested on:</td>
      <td>$fn.formatDate($request.getSubmittedDate())</td>
  </tr>
  <tr><td>Description:</td>
      <td>
        #if ($request.getDescription())
          $request.getDescription()
        #end
      </td>
  </tr>
</table>

#macro (showSummary $analysis $level $rowType)
  #set ($indentPixels = $level * 20)
  #set ($trace = $analysis.getTrace())
  <tr class="$rowType"><td style="padding-left: ${indentPixels}px;">
    $trace.getName()
  </td><td>
    #set ($activityResource = $trace.getPropertyValue("activity.resource.id"))
    #if ($activityResource)
      $resourceFactory.getResourceForId($fn.getUUID($activityResource)).getPath()
    #else
      $trace.getPropertyValue("resourcePath")
    #end
  </td><td>
    #if ($trace.getStartedOn())
      $fn.formatDate($trace.getStartedOn())
    #else
      Activity not started
    #end
  </td><td>
    #if ($trace.getStartedOn() && $trace.getEndedOn())
      $fn.duration($trace.getStartedOn(), $trace.getEndedOn())s
    #end
  </td><td style="background-color: $fn.getStatusColor($trace.getResult())">
    $fn.getStatusDisplayName($trace.getResult())
  </td></tr>
  #foreach ($child in $analysis.getChildren())
    #set ($nextLevel = $level + 1)
    #showSummary ($child, $nextLevel, $rowType)
  #end
#end

<div class="data-table-container">
<h3>Process summary:</h3>
<table class="data-table" cellpadding="4" cellspacing="1" width="100%">
 <thead class="data-table-head">
    <th style="text-align:left;" scope="col" valign="middle">Process</th>
    <th style="text-align:left;" scope="col" valign="middle">Resource</th>
    <th style="text-align:left;" scope="col" valign="middle">Start</th>
    <th style="text-align:left;" scope="col" valign="middle">Duration</th>
    <th style="text-align:left;" scope="col" valign="middle">Status</th>
 </thead>
 <tbody>
  #foreach ($child in $analysis.getRootAnalyses())
    #if ($velocityCount % 2 == 1)
        #set ($rowClass = "odd")
    #else
        #set ($rowClass = "even")
    #end
    #showSummary ($child 0 $rowClass)
  #end
 </tbody>
</table>
</div>

<div class="data-table-container">
#if ($versions.size() > 0)
  <h3>Included versions</h3>
  <table class="data-table" cellpadding="4" cellspacing="1" width="100%">
   <thead class="data-table-head">
      <th style="text-align:left;" scope="col" valign="middle">Component</th>
      <th style="text-align:left;" scope="col" valign="middle">Version</th>
      <th style="text-align:left;" scope="col" valign="middle">Description</th>
   </thead>
   <tbody>
    #foreach ($version in $versions)
      #if ($velocityCount % 2 == 1)
          #set ($rowClass = "odd")
      #else
          #set ($rowClass = "even")
      #end
      <tr class="$rowClass">
       <td>$version.getComponent().getName()</td>
       <td>$version.getName()</td>
       <td>
         #if ($version.getDescription())
           $version.getDescription()
         #end
       </td>
     </tr>
    #end
   </tbody>
  </table>
#else
  <h3>No versions included</h3>
#end
</div>

More information about this process request is available at <a href="$externalUrl#applicationProcessRequest/$request.getId().toString()">$externalUrl#applicationProcessRequest/$request.getId().toString()</a>.

<a href="$externalUrl">IBM UrbanCode Deploy</a>

</body>
</html>

## END SECTION Body
      ]]>
    </body>
    <description></description>
    <content-type>text/html</content-type>
</template>
